fecha,merval_cierre
2018-12-31,30292.55
2019-01-01,30292.55
2019-01-02,31096.63
2019-01-03,31065.12
2019-01-04,32303.05
2019-01-07,33010.54
2019-01-08,32914.88
2019-01-09,33769.35
2019-01-10,34167.45
2019-01-11,33884.6
2019-01-14,33771.24
2019-01-15,33562.54
2019-01-16,34048.02
2019-01-17,34262.74
2019-01-18,35100.45
2019-01-21,35303.25
2019-01-22,34042.76
2019-01-23,34819.13
2019-01-24,34939.05
2019-01-25,34810.51
2019-01-28,34840.8
2019-01-29,35511.21
2019-01-30,36039.11
2019-01-31,36326.92
2019-02-01,36599.88
2019-02-04,37145
2019-02-05,37471.67
2019-02-06,36731.67
2019-02-07,35928.99
2019-02-08,36664.24
2019-02-11,37023.74
2019-02-12,37685.96
2019-02-13,37038.92
2019-02-14,37385.75
2019-02-15,37469.97
2019-02-18,37355.24
2019-02-19,36292.29
2019-02-20,36503.51
2019-02-21,35852.14
2019-02-22,36646.79
2019-02-25,36332.03
2019-02-26,36026.63
2019-02-27,35345.47
2019-02-28,34485.8
2019-03-01,33834.86
2019-03-04,33834.86
2019-03-05,33834.86
2019-03-06,32340.43
2019-03-07,33189.91
2019-03-08,33020.07
2019-03-11,33790.68
2019-03-12,33681.28
2019-03-13,34023.02
2019-03-14,33530.45
2019-03-15,33933.08
2019-03-18,34939.3
2019-03-19,34373.2
2019-03-20,34743.9
2019-03-21,34186.08
2019-03-22,32827.98
2019-03-25,33166.32
2019-03-26,32627.59
2019-03-27,32174.68
2019-03-28,32892.15
2019-03-29,33466.03
2019-04-01,33006.82
2019-04-02,33006.82
2019-04-03,31765.11
2019-04-04,32142.47
2019-04-05,32666.88
2019-04-08,33080.87
2019-04-09,31743.38
2019-04-10,32154.54
2019-04-11,31501.04
2019-04-12,31357.03
2019-04-15,31745.57
2019-04-16,32290.18
2019-04-17,32036.78
2019-04-18,32036.78
2019-04-19,32036.78
2019-04-22,30786.64
2019-04-23,30926.73
2019-04-24,29746.6
2019-04-25,29556.77
2019-04-26,30001.1
2019-04-29,28827.37
2019-04-30,29571.36
2019-05-01,29571.36
2019-05-02,30817.01
2019-05-03,32412.27
2019-05-06,32988.59
2019-05-07,32741.13
2019-05-08,33775.97
2019-05-09,34119.1
2019-05-10,33393.81
2019-05-13,32300.25
2019-05-14,32510.83
2019-05-15,33218.06
2019-05-16,33892.17
2019-05-17,33315.7
2019-05-20,33492.48
2019-05-21,34481.33
2019-05-22,34578.77
2019-05-23,34378.55
2019-05-24,35084.92
2019-05-27,35448.46
2019-05-28,34643.54
2019-05-29,33967.33
2019-05-30,34239.26
2019-05-31,33949.53
2019-06-03,33765.21
2019-06-04,34700.84
2019-06-05,35275.94
2019-06-06,35733.7
2019-06-07,35662.87
2019-06-10,36452.8
2019-06-11,38345
2019-06-12,40930.69
2019-06-13,40646.28
2019-06-14,40487.61
2019-06-17,40487.61
2019-06-18,40687.47
2019-06-19,39861.82
2019-06-20,39861.82
2019-06-21,40294.82
2019-06-24,40111.98
2019-06-25,40292.26
2019-06-26,39916.77
2019-06-27,41128.41
2019-06-28,41796.36
2019-07-01,41507.48
2019-07-02,41793.13
2019-07-03,41304.34
2019-07-04,41380.38
2019-07-05,41755.69
2019-07-08,41755.69
2019-07-09,41755.69
2019-07-10,42807.08
2019-07-11,42856.29
2019-07-12,42753.1
2019-07-15,41256.6
2019-07-16,41788.26
2019-07-17,41451.31
2019-07-18,40752.75
2019-07-19,40161.6
2019-07-22,38729.98
2019-07-23,39203.87
2019-07-24,39784.91
2019-07-25,39884.35
2019-07-26,41983.74
2019-07-29,42785.46
2019-07-30,42463.24
2019-07-31,42057.77
2019-08-01,41410.98
2019-08-02,41359.15
2019-08-05,40873.35
2019-08-06,41317.03
2019-08-07,40949.34
2019-08-08,41093.45
2019-08-09,44355.09
2019-08-12,27530.8
2019-08-13,30344.56
2019-08-14,29920.69
2019-08-15,31039.31
2019-08-16,30406.65
2019-08-19,30406.65
2019-08-20,27230.62
2019-08-21,27977.74
2019-08-22,27982.96
2019-08-23,26585.97
2019-08-26,25848.26
2019-08-27,24622.47
2019-08-28,25458.04
2019-08-29,23984.83
2019-08-30,24608.56
2019-09-02,26195.41
2019-09-03,23079.32
2019-09-04,24664.55
2019-09-05,26932.14
2019-09-06,27659.66
2019-09-09,27176.41
2019-09-10,28432.16
2019-09-11,28617.92
2019-09-12,29114.77
2019-09-13,30136.28
2019-09-16,30561.27
2019-09-17,30150.65
2019-09-18,30071.1
2019-09-19,30414.4
2019-09-20,30060.46
2019-09-23,29152.05
2019-09-24,27819.8
2019-09-25,28212.41
2019-09-26,28168.02
2019-09-27,28877.51
2019-09-30,29066.96
2019-10-01,30066.13
2019-10-02,30792.05
2019-10-03,30365.9
2019-10-04,31816.5
2019-10-07,30940.87
2019-10-08,30257.26
2019-10-09,30338.17
2019-10-10,31743.2
2019-10-11,31798.11
2019-10-15,31333.68
2019-10-16,30759.21
2019-10-17,31995.13
2019-10-18,31968.47
2019-10-21,32550.73
2019-10-22,33262.64
2019-10-23,32775.14
2019-10-24,33476.16
2019-10-25,34522.25
2019-10-28,33177.16
2019-10-29,32544.2
2019-10-30,33889.03
2019-10-31,34995.2
2019-11-01,35743.04
2019-11-04,37278.54
2019-11-05,36869.96
2019-11-06,35500.49
2019-11-07,35869.21
2019-11-08,34131.05
2019-11-11,33661.11
2019-11-12,33430.14
2019-11-13,32340.7
2019-11-14,31019.69
2019-11-15,31851.61
2019-11-19,32252.78
2019-11-20,33421.12
2019-11-21,33247.39
2019-11-22,33588.83
2019-11-25,33494.72
2019-11-26,32113.27
2019-11-27,33929.74
2019-11-28,34219.79
2019-11-29,34500.21
2019-12-02,33446.93
2019-12-03,32756.73
2019-12-04,34691.63
2019-12-05,35443.05
2019-12-06,36561.95
2019-12-09,36409.07
2019-12-10,34657.44
2019-12-11,35019.54
2019-12-12,35504.63
2019-12-13,36769.59
2019-12-16,37620.08
2019-12-17,36918.84
2019-12-18,37620.22
2019-12-19,38083.01
2019-12-23,39915.25
2019-12-26,42278.51
2019-12-30,41671.41
2020-01-02,41106.97
2020-01-03,40499.15
2020-01-06,41469.66
2020-01-07,41115.71
2020-01-08,41016.02
2020-01-09,42035.7
2020-01-10,42740.38
2020-01-13,42017.78
2020-01-14,41633.73
2020-01-15,41246.19
2020-01-16,42362.34
2020-01-17,42339.82
2020-01-20,43054.01
2020-01-21,41485.86
2020-01-22,42002.34
2020-01-23,41140.21
2020-01-24,39917.82
2020-01-27,39604.57
2020-01-28,40829.7
2020-01-29,40341.42
2020-01-30,40394.95
2020-01-31,40105.04
2020-02-03,41577.06
2020-02-04,41033.79
2020-02-05,40767.1
2020-02-06,40906.09
2020-02-07,41213.89
2020-02-10,41052.95
2020-02-11,39824.5
2020-02-12,39936.15
2020-02-13,38669.46
2020-02-14,38647.68
2020-02-17,39200.25
2020-02-18,38156.95
2020-02-19,38390.84
2020-02-20,38961.41
2020-02-21,38602.48
2020-02-26,36422.24
2020-02-27,35387.05
2020-02-28,34973.18
2020-03-02,36253.25
2020-03-03,35999.22
2020-03-04,37243.36
2020-03-05,36772.2
2020-03-06,35222.43
2020-03-09,30379.9
2020-03-10,32832.26
2020-03-11,31419.6
2020-03-12,28351.89
2020-03-13,28447.97
2020-03-16,25697.51
2020-03-17,25823.47
2020-03-18,22087.13
2020-03-19,22656.43
2020-03-20,23890.35
2020-03-25,26338.03
2020-03-26,25483.94
2020-03-27,24058.6
2020-03-30,24384.24
2020-04-01,25324.28
2020-04-02,26003.28
2020-04-03,26505.41
2020-04-06,26922.59
2020-04-07,26696.1
2020-04-08,28017.59
2020-04-13,28880.64
2020-04-14,30781.55
2020-04-15,32070.67
2020-04-16,30077.72
2020-04-17,29883.27
2020-04-20,30535.73
2020-04-21,30237.08
2020-04-22,30554.88
2020-04-23,30378.94
2020-04-24,29258.1
2020-04-27,29986.23
2020-04-28,33064.84
2020-04-29,33185.05
2020-04-30,32742.84
2020-05-04,32387.28
2020-05-05,33546.52
2020-05-06,34158.89
2020-05-07,35850.21
2020-05-08,36183.9
2020-05-11,38581.6
2020-05-12,39133.71
2020-05-13,37842.81
2020-05-14,39225.67
2020-05-15,39388.33
2020-05-18,40286.72
2020-05-19,39388.72
2020-05-20,39809.16
2020-05-21,41388.5
2020-05-22,40962.74
2020-05-26,41060.27
2020-05-27,40431.57
2020-05-28,38985.82
2020-05-29,37824.73
2020-06-01,40016.98
2020-06-02,42037.56
2020-06-03,43853.06
2020-06-04,43676.18
2020-06-05,45128.75
2020-06-08,48881.18
2020-06-09,46471.06
2020-06-10,46476.07
2020-06-11,43057.94
2020-06-12,43417.15
2020-06-16,42686.08
2020-06-17,40471.15
2020-06-18,37990.59
2020-06-19,40951.45
2020-06-22,40344.32
2020-06-23,40803.56
2020-06-24,40435.34
2020-06-25,41996.65
2020-06-26,40589.89
2020-06-29,40308.11
2020-06-30,38686.69
2020-07-01,39846.74
2020-07-02,39500.85
2020-07-03,39758.2
2020-07-06,43339.69
2020-07-07,42497.6
2020-07-08,42747.55
2020-07-13,43237.01
2020-07-14,44001.9
2020-07-15,45120.59
2020-07-16,45245.23
2020-07-17,45475.24
2020-07-20,45682.99
2020-07-21,46781.26
2020-07-22,48634.09
2020-07-23,48408.27
2020-07-24,48605.06
2020-07-27,49449.86
2020-07-28,48934.44
2020-07-29,48884.46
2020-07-30,49405.75
2020-07-31,49253.62
2020-08-03,52504.21
2020-08-04,52186.3
2020-08-05,50994.43
2020-08-06,51083.76
2020-08-07,52325.83
2020-08-10,52180.9
2020-08-11,50998.5
2020-08-12,48970.53
2020-08-13,49626.79
2020-08-14,48547.91
2020-08-18,46491.42
2020-08-19,47471.6
2020-08-20,47737.16
2020-08-21,47411.28
2020-08-24,46736.74
2020-08-25,46579.29
2020-08-26,45831.7
2020-08-27,44254.91
2020-08-28,46396.58
2020-08-31,46835.42
2020-09-01,46545.52
2020-09-02,44877.5
2020-09-03,44800.06
2020-09-04,45075.06
2020-09-07,45691.04
2020-09-08,45481.76
2020-09-09,46520.19
2020-09-10,46868.47
2020-09-11,45839.99
2020-09-14,44614.08
2020-09-15,44628.42
2020-09-16,42167.86
2020-09-17,39799.89
2020-09-18,41484.06
2020-09-21,40745.13
2020-09-22,40944.49
2020-09-23,40974.05
2020-09-24,41875.66
2020-09-25,42042.45
2020-09-28,42077.91
2020-09-29,42196.88
2020-09-30,41260.86
2020-10-01,42916.19
2020-10-02,43654.37
2020-10-05,44273.21
2020-10-06,44438.41
2020-10-07,44739.86
2020-10-08,45482.18
2020-10-09,45856.11
2020-10-13,45994.73
2020-10-14,47295.27
2020-10-15,48239.27
2020-10-16,49024.08
2020-10-19,49162.13
2020-10-20,49683.83
2020-10-21,50088.78
2020-10-22,51671.56
2020-10-23,52512.6
2020-10-26,49596.53
2020-10-27,46707.91
2020-10-28,43532.74
2020-10-29,44914.24
2020-10-30,45290.02
2020-11-02,47467.65
2020-11-03,47965.31
2020-11-04,47028.37
2020-11-05,48501.09
2020-11-06,48492.54
2020-11-09,49650.44
2020-11-10,51818.96
2020-11-11,51435
2020-11-12,49553.18
2020-11-13,49895.5
2020-11-16,51084.91
2020-11-17,51911.53
2020-11-18,51295.53
2020-11-19,50950.21
2020-11-20,51492.34
2020-11-24,54135.77
2020-11-25,54150.65
2020-11-26,54465.67
2020-11-27,55427.26
2020-11-30,54572.54
2020-12-01,54913.35
2020-12-02,55268.9
2020-12-03,55152.3
2020-12-04,54730.38
2020-12-09,51956.89
2020-12-10,53690.4
2020-12-11,53822.44
2020-12-14,53034.13
2020-12-15,53280.19
2020-12-16,53205.99
2020-12-17,53115.58
2020-12-18,52346.77
2020-12-21,50159.86
2020-12-22,50406.93
2020-12-23,51618.98
2020-12-28,50483.84
2020-12-29,51320.14
2020-12-30,51226.49
2021-01-04,50730.86
2021-01-05,51594.73
2021-01-06,51880.01
2021-01-07,52500.54
2021-01-08,51673.77
2021-01-11,50967.48
2021-01-12,51201.6
2021-01-13,50961.21
2021-01-14,51084.99
2021-01-15,50500.83
2021-01-18,50220.22
2021-01-19,50516.59
2021-01-20,50224.53
2021-01-21,48472.59
2021-01-22,48470.91
2021-01-25,47469.96
2021-01-26,49463.84
2021-01-27,49970.41
2021-01-28,49630.09
2021-01-29,48257.14
2021-02-01,49576.89
2021-02-02,49686.83
2021-02-03,49857.55
2021-02-04,50682.71
2021-02-05,51052.73
2021-02-08,52028.63
2021-02-09,52266.75
2021-02-10,51940.91
2021-02-11,51654.56
2021-02-12,51466.21
2021-02-17,52386.59
2021-02-18,51826.91
2021-02-19,50992.85
2021-02-22,49268.42
2021-02-23,47856.68
2021-02-24,49606.67
2021-02-25,48920.68
2021-02-26,48432.27
2021-03-01,48996.26
2021-03-02,48127.32
2021-03-03,47325.06
2021-03-04,47808.21
2021-03-05,47242.26
2021-03-08,46291.77
2021-03-09,46476.01
2021-03-10,47339.46
2021-03-11,48360.72
2021-03-12,49070.98
2021-03-15,50458.3
2021-03-16,49646.77
2021-03-17,49916.45
2021-03-18,48599.26
2021-03-19,48976
2021-03-22,49185.87
2021-03-23,48615.26
2021-03-25,46856.41
2021-03-26,46440.78
2021-03-29,47240.95
2021-03-30,48090.66
2021-03-31,47982.39
2021-04-05,48597.71
2021-04-06,50328.34
2021-04-07,50128.19
2021-04-08,49630.56
2021-04-09,48845.99
2021-04-12,48115.1
2021-04-13,47679.06
2021-04-14,47299.01
2021-04-15,47093.25
2021-04-16,47664.35
2021-04-19,48026.29
2021-04-20,46894.48
2021-04-21,47616.53
2021-04-22,47122.62
2021-04-23,47374.47
2021-04-26,47931.27
2021-04-27,48962.16
2021-04-28,50043.81
2021-04-29,50065.2
2021-04-30,49056.1
2021-05-03,48872.51
2021-05-04,48655.51
2021-05-05,49152.27
2021-05-06,49389.34
2021-05-07,51419.49
2021-05-10,51750.27
2021-05-11,51093.99
2021-05-12,51020.21
2021-05-13,52625.93
2021-05-14,54850.06
2021-05-17,56094.99
2021-05-18,56078.55
2021-05-19,55990.02
2021-05-20,57109.44
2021-05-21,56221.87
2021-05-26,56598.95
2021-05-27,57499.49
2021-05-28,59212.97
2021-05-31,59268.94
2021-06-01,61095.96
2021-06-02,62659.51
2021-06-03,64303.06
2021-06-04,66190.06
2021-06-07,68151.14
2021-06-08,66390.28
2021-06-09,68104.99
2021-06-10,68144.63
2021-06-11,66093.97
2021-06-14,66836.83
2021-06-15,67005.83
2021-06-16,67575.54
2021-06-17,66440.2
2021-06-18,65136
2021-06-22,65901.62
2021-06-23,66089.94
2021-06-24,66933.06
2021-06-25,65133.47
2021-06-28,64150.87
2021-06-29,62972.04
2021-06-30,62371.95
2021-07-01,62059.97
2021-07-02,63330.37
2021-07-05,64848.56
2021-07-06,63562.99
2021-07-07,63383.23
2021-07-08,62371.58
2021-07-12,64215.26
2021-07-13,64374.74
2021-07-14,63959.3
2021-07-15,63484.55
2021-07-16,63090.8
2021-07-19,62133.15
2021-07-20,63391.65
2021-07-21,65832.21
2021-07-22,65675.1
2021-07-23,64841.23
2021-07-26,65530.88
2021-07-27,65688.31
2021-07-28,66553.45
2021-07-29,67315.58
2021-07-30,66005.29
2021-08-02,65939.58
2021-08-03,65873.55
2021-08-04,65088.13
2021-08-05,66136.5
2021-08-06,65860.91
2021-08-09,66096.38
2021-08-10,68023.11
2021-08-11,69475.19
2021-08-12,69492.58
2021-08-13,69544.76
2021-08-17,67999.04
2021-08-18,67094.33
2021-08-19,66681.73
2021-08-20,67822.2
2021-08-23,69050.33
2021-08-24,71353.8
2021-08-25,72009.08
2021-08-26,71550.54
2021-08-27,73203.64
2021-08-30,76329.42
2021-08-31,76451.68
2021-09-01,75232.61
2021-09-02,75115.05
2021-09-03,74734.95
2021-09-06,76002.98
2021-09-07,79004.76
2021-09-08,77459
2021-09-09,77127.01
2021-09-10,75895.02
2021-09-13,80065.91
2021-09-14,78989.23
2021-09-15,78488.5
2021-09-16,79738.13
2021-09-17,78512.09
2021-09-20,73635.15
2021-09-21,73918.62
2021-09-22,74750.23
2021-09-23,74743.42
2021-09-24,74180.2
2021-09-27,75687.52
2021-09-28,75808.43
2021-09-29,76589.27
2021-09-30,77363.64
2021-10-01,77626.17
2021-10-04,77578.9
2021-10-05,78191.5
2021-10-06,77443.1
2021-10-07,77553.31
2021-10-12,77927.87
2021-10-13,78427.93
2021-10-14,80138.01
2021-10-15,81990.22
2021-10-18,82859.69
2021-10-19,84307.98
2021-10-20,87055.66
2021-10-21,86795.26
2021-10-22,86898.51
2021-10-25,89391.76
2021-10-26,88907.82
2021-10-27,85353.13
2021-10-28,86034.23
2021-10-29,83560.96
2021-11-01,87460.35
2021-11-02,89273.04
2021-11-03,92095.02
2021-11-04,91258.15
2021-11-05,92895.89
2021-11-08,96044.88
2021-11-09,94381.35
2021-11-10,95130.59
2021-11-11,95943.83
2021-11-12,94963.42
2021-11-15,92999.37
2021-11-16,89674.14
2021-11-17,87541.77
2021-11-18,89512.44
2021-11-19,85695.15
2021-11-23,83770.51
2021-11-24,83481.2
2021-11-25,84956.92
2021-11-26,80369.01
2021-11-29,79094.93
2021-11-30,79315.79
2021-12-01,85164.78
2021-12-02,87451.27
2021-12-03,86359.78
2021-12-06,88287.43
2021-12-07,89242.77
2021-12-09,86544.92
2021-12-10,85441.38
2021-12-13,81947.65
2021-12-14,82178.84
2021-12-15,80939.44
2021-12-16,82995.22
2021-12-17,83234.04
2021-12-20,81908.15
2021-12-21,84137.68
2021-12-22,83651.8
2021-12-23,84850.31
2021-12-27,84570.45
2021-12-28,82783.68
2021-12-29,84006.5
2021-12-30,83500.11
2022-01-03,85579.11
2022-01-04,85285.98
2022-01-05,83835.72
2022-01-06,83761.35
2022-01-07,84402.07
2022-01-10,83746.3
2022-01-11,84702.31
2022-01-12,85100.27
2022-01-13,85370.86
2022-01-14,85481.07
2022-01-17,85038.79
2022-01-18,83350.61
2022-01-19,83528.23
2022-01-20,85126.37
2022-01-21,83622.48
2022-01-24,81004.41
2022-01-25,85180.43
2022-01-26,85782.14
2022-01-27,85968.76
2022-01-28,88269.83
2022-01-31,90907.51
2022-02-01,91416.55
2022-02-02,89662.66
2022-02-03,88091.28
2022-02-04,87934.02
2022-02-07,89189.09
2022-02-08,88149.17
2022-02-09,87393.09
2022-02-10,87559.37
2022-02-11,88184.99
2022-02-14,87803.68
2022-02-15,88042.62
2022-02-16,90577.55
2022-02-17,89977.89
2022-02-18,89443.19
2022-02-21,90029.49
2022-02-22,90440.55
2022-02-23,91359.52
2022-02-24,88721.46
2022-02-25,87969.87
2022-03-02,90248.93
2022-03-03,91558.04
2022-03-04,89515.44
2022-03-07,87948.21
2022-03-08,88061.14
2022-03-09,87226.46
2022-03-10,90283.1
2022-03-11,88999.06
2022-03-14,84955.9
2022-03-15,84054.72
2022-03-16,87450.87
2022-03-17,89645.88
2022-03-18,89057.57
2022-03-21,90041.05
2022-03-22,90170.1
2022-03-23,90106.6
2022-03-25,93010.43
2022-03-28,91662.96
2022-03-29,89967.25
2022-03-30,90867.58
2022-03-31,90959.59
2022-04-01,92390.98
2022-04-04,93218.66
2022-04-05,91814.3
2022-04-06,90973.03
2022-04-07,91558.17
2022-04-08,92091.47
2022-04-11,90629.89
2022-04-12,90345.86
2022-04-13,91041.37
2022-04-18,91239.22
2022-04-19,92038.35
2022-04-20,92559.34
2022-04-21,91496.13
2022-04-22,91717.07
2022-04-25,91154.43
2022-04-26,89574.68
2022-04-27,90033.25
2022-04-28,90354.23
2022-04-29,88250.97
2022-05-02,87608.13
2022-05-03,89585.33
2022-05-04,89401.35
2022-05-05,86434.1
2022-05-06,86507.22
2022-05-09,82243.55
2022-05-10,83676.75
2022-05-11,85762.84
2022-05-12,85520.83
2022-05-13,88795.76
2022-05-16,89964.8
2022-05-17,90803.43
2022-05-19,88634.32
2022-05-20,88118.96
2022-05-23,90344.05
2022-05-24,91271.67
2022-05-26,93710.99
2022-05-27,93683.29
2022-05-30,93236.24
2022-05-31,92288.03
2022-06-01,91369.58
2022-06-02,91452.04
2022-06-03,91775.17
2022-06-06,90351.73
2022-06-07,90938.11
2022-06-08,89946.88
2022-06-09,88869.78
2022-06-10,89141.39
2022-06-13,87937.89
2022-06-14,87400
2022-06-15,88465.55
2022-06-16,87060.9
2022-06-21,86545.9
2022-06-22,85662.48
2022-06-23,83170.06
2022-06-24,82605.64
2022-06-27,85712.27
2022-06-28,88194.7
2022-06-29,88130.75
2022-06-30,88449.89
2022-07-01,90050.78
2022-07-04,89128.79
2022-07-05,92689.47
2022-07-06,95075.87
2022-07-07,102265.41
2022-07-08,105850.01
2022-07-11,104431.92
2022-07-12,103209.83
2022-07-13,102270.96
2022-07-14,100518.41
2022-07-15,104222.92
2022-07-18,105441.24
2022-07-19,107185.43
2022-07-20,106949.06
2022-07-21,112017.03
2022-07-22,113851.41
2022-07-25,119508.31
2022-07-26,120038.38
2022-07-27,126361.98
2022-07-28,127400
2022-07-29,122528.27
2022-08-01,117586.78
2022-08-02,118691.2
2022-08-03,120389.93
2022-08-04,120437.18
2022-08-05,121003.89
2022-08-08,123953.36
2022-08-09,121920.79
2022-08-10,122129.9
2022-08-11,123333.93
2022-08-12,125979.57
2022-08-16,124787.34
2022-08-17,125962.94
2022-08-18,131490.91
2022-08-19,131009.08
2022-08-22,132252.56
2022-08-23,136997.68
2022-08-24,140246.05
2022-08-25,142777.62
2022-08-26,141459.95
2022-08-29,143805.16
2022-08-30,141133.6
2022-08-31,136240.97
2022-09-01,136302.13
2022-09-02,136340.28
2022-09-05,138268.03
2022-09-06,137309.26
2022-09-07,141001.53
2022-09-08,141509.32
2022-09-09,144642.18
2022-09-12,144714.11
2022-09-13,142941.6
2022-09-14,146750.04
2022-09-15,144765.55
2022-09-16,145741.82
2022-09-19,150262.08
2022-09-20,147929.75
2022-09-21,146980.13
2022-09-22,149480.84
2022-09-23,142931.74
2022-09-26,138148.26
2022-09-27,135472.73
2022-09-28,138023.36
2022-09-29,138004.48
2022-09-30,139115.09
2022-10-03,145062.99
2022-10-04,144926.65
2022-10-05,146722.87
2022-10-06,144645.33
2022-10-11,136904.04
2022-10-12,136396.44
2022-10-13,140763.77
2022-10-14,137290.74
2022-10-17,138953.48
2022-10-18,137542.2
2022-10-19,136484.2
2022-10-20,136138.78
2022-10-21,138944.79
2022-10-24,139733.39
2022-10-25,143959.36
2022-10-26,145028.47
2022-10-27,148109.61
2022-10-28,147845.4
2022-10-31,149938.32
2022-11-01,153002.14
2022-11-02,149309.36
2022-11-03,150451.02
2022-11-04,151263.25
2022-11-07,147829.64
2022-11-08,147924.03
2022-11-09,143091.48
2022-11-10,144879.06
2022-11-11,150413.35
2022-11-14,152685.42
2022-11-15,154980.98
2022-11-16,154108.76
2022-11-17,155259.27
2022-11-18,157253.6
2022-11-22,158169.27
2022-11-23,158563.49
2022-11-24,160936.42
2022-11-25,163716.93
2022-11-28,164277.8
2022-11-29,168194.57
2022-11-30,168525.29
2022-12-01,170604.27
2022-12-02,169691.74
2022-12-05,164467.28
2022-12-06,168090.06
2022-12-07,171177.89
2022-12-12,166466.47
2022-12-13,165500.37
2022-12-14,164216.69
2022-12-15,164733.2
2022-12-16,165109.56
2022-12-19,168965.77
2022-12-20,172335.85
2022-12-21,179851.91
2022-12-22,182459.79
2022-12-23,187784.04
2022-12-26,192477.36
2022-12-27,195542.76
2022-12-28,202560.2
2022-12-29,199360.66
2022-12-30,202085.12
2023-01-02,207054.34
2023-01-03,198360.49
2023-01-04,201060.59
2023-01-05,209646.02
2023-01-06,213794.25
2023-01-09,215724.71
2023-01-10,215810.98
2023-01-11,225516.7
2023-01-12,234153.71
2023-01-13,242154.5
2023-01-16,250556.03
2023-01-17,260750.04
2023-01-18,235372.41
2023-01-19,235179.74
2023-01-20,247679.99
2023-01-23,250362.25
2023-01-24,252107.86
2023-01-25,260073.57
2023-01-26,261498.77
2023-01-27,254295.43
2023-01-30,245875.13
2023-01-31,253548.49
2023-02-01,251062.13
2023-02-02,248854.58
2023-02-03,239369.95
2023-02-06,243607.59
2023-02-07,246804.16
2023-02-08,250125.37
2023-02-09,248238.6
2023-02-10,249897.5
2023-02-13,257625.79
2023-02-14,258463.48
2023-02-15,254969.81
2023-02-16,257247.15
2023-02-17,248979.37
2023-02-22,244719.09
2023-02-23,248006.34
2023-02-24,248324.68
2023-02-27,250465.59
2023-02-28,247459.28
2023-03-01,249580.45
2023-03-02,242748.91
2023-03-03,245865.17
2023-03-06,253018.57
2023-03-07,246501.02
2023-03-08,250911.8
2023-03-09,247553.84
2023-03-10,236419.44
2023-03-13,225227.52
2023-03-14,220447.04
2023-03-15,209824.2
2023-03-16,223388.24
2023-03-17,221740.26
2023-03-20,221059.08
2023-03-21,228790.23
2023-03-22,224914.58
2023-03-23,219276.74
2023-03-27,233739.39
2023-03-28,242385.97
2023-03-29,249104.1
2023-03-30,251639.07
2023-03-31,245716.17
2023-04-03,254696.9
2023-04-04,251488.29
2023-04-05,252848.72
2023-04-10,256747.73
2023-04-11,259963.4
2023-04-12,266850.02
2023-04-13,270328.98
2023-04-14,275717.4
2023-04-17,281295.24
2023-04-18,284298.65
2023-04-19,275405.88
2023-04-20,281827.48
2023-04-21,290890.52
2023-04-24,299421.74
2023-04-25,303175.22
2023-04-26,304796.96
2023-04-27,296808.89
2023-04-28,297960
2023-05-02,295630.98
2023-05-03,288007.9
2023-05-04,281752.49
2023-05-05,297140.11
2023-05-08,304395.94
2023-05-09,307773.27
2023-05-10,310497.17
2023-05-11,313281.43
2023-05-12,321529.57
2023-05-15,320582.83
2023-05-16,320028.92
2023-05-17,327788.63
2023-05-18,331210.61
2023-05-19,338677.61
2023-05-22,338978.89
2023-05-23,340785.51
2023-05-24,341669.3
2023-05-29,346369.01
2023-05-30,343391.86
2023-05-31,342078.48
2023-06-01,353373.62
2023-06-02,352936.83
2023-06-05,360825.63
2023-06-06,380757.45
2023-06-07,380430.92
2023-06-08,380907.48
2023-06-09,381763.86
2023-06-12,381672.46
2023-06-13,381896.14
2023-06-14,378695.36
2023-06-15,391831.38
2023-06-16,409416.51
2023-06-21,429908.59
2023-06-22,415186.38
2023-06-23,420736.69
2023-06-26,432406.17
2023-06-27,416375.88
2023-06-28,409622.74
2023-06-29,416466.84
2023-06-30,426280.97
2023-07-03,436619.01
2023-07-04,441468.93
2023-07-05,436732.58
2023-07-06,417548.69
2023-07-07,423580.45
2023-07-10,420772.57
2023-07-11,422765.39
2023-07-12,431551.14
2023-07-13,451138.56
2023-07-14,443303.6
2023-07-17,456842.79
2023-07-18,456880.68
2023-07-19,453206.9
2023-07-20,459107.99
2023-07-21,472973.56
2023-07-24,466662.93
2023-07-25,471449.38
2023-07-26,471102.83
2023-07-27,450210.59
2023-07-28,457787.74
2023-07-31,457137.77
2023-08-01,453024.37
2023-08-02,445226.22
2023-08-03,441515.67
2023-08-04,451840.02
2023-08-07,454428.18
2023-08-08,472093.24
2023-08-09,461672.88
2023-08-10,470432.8
2023-08-11,477726.36
2023-08-14,496114.56
2023-08-15,526983.92
2023-08-16,559931.63
2023-08-17,578097.59
2023-08-18,576741.44
2023-08-22,593946.93
2023-08-23,615499.33
2023-08-24,613509.08
2023-08-25,631166.07
2023-08-28,665523.91
2023-08-29,683587.71
2023-08-30,675841
2023-08-31,653602.88
2023-09-01,634791.69
2023-09-04,633243.31
2023-09-05,599292.08
2023-09-06,583982.6
2023-09-07,548015.12
2023-09-08,535322.52
2023-09-11,509116.24
2023-09-12,538084.49
2023-09-13,553410.13
2023-09-14,571753.34
2023-09-15,567513.42
2023-09-18,585204.45
2023-09-19,576676.12
2023-09-20,562032.61
2023-09-21,553754.81
2023-09-22,553392.16
2023-09-25,548544.77
2023-09-26,543252.12
2023-09-27,557023.45
2023-09-28,581468.95
2023-09-29,562568.47
2023-10-02,556783.83
2023-10-03,560822.54
2023-10-04,590634.48
2023-10-05,613071.63
2023-10-06,628917.74
2023-10-09,651869.17
2023-10-10,713726.09
2023-10-11,700907.69
2023-10-12,728170.91
2023-10-17,815119.51
2023-10-18,798896.02
2023-10-19,760078.04
2023-10-20,800804.78
2023-10-23,701205.18
2023-10-24,654136.46
2023-10-25,657894.34
2023-10-26,673102.76
2023-10-27,655565.17
2023-10-30,591691.8
2023-10-31,579150
2023-11-01,616255.39
2023-11-02,654094.85
2023-11-03,637284.15
2023-11-07,633339.9
2023-11-08,588295.94
2023-11-09,623995.59
2023-11-10,660274.69
2023-11-13,636964.26
2023-11-14,634516.27
2023-11-15,629361.48
2023-11-16,602278.19
2023-11-17,645079.59
2023-11-21,792443.17
2023-11-22,838616.65
2023-11-23,878971.27
2023-11-24,917599.31
2023-11-27,843665.2
2023-11-28,773419.75
2023-11-29,790376.62
2023-11-30,813393.94
2023-12-01,870169.17
2023-12-04,845384.31
2023-12-05,885270.39
2023-12-06,894502.29
2023-12-07,941829.88
2023-12-11,976823.05
2023-12-12,1010021.86
2023-12-13,1003483.68
2023-12-14,989696.03
2023-12-15,925657.93
2023-12-18,921876.85
2023-12-19,914460.8
2023-12-20,919910.93
2023-12-21,942904.11
2023-12-22,948473.75
2023-12-26,913125.08
2023-12-27,872972.21
2023-12-28,904067.17
2023-12-29,929704.19
2024-01-02,930419.67
2024-01-03,972411.66
2024-01-04,1004789.73
2024-01-05,1055381.11
2024-01-08,1104913.27
2024-01-09,1060581.14
2024-01-10,1070425.29
2024-01-11,1043924.02
2024-01-12,1033122.72
2024-01-15,1038358.25
2024-01-16,1057769.5
2024-01-17,1124212.4
2024-01-18,1133637.73
2024-01-19,1174875.34
2024-01-22,1219959.76
2024-01-23,1206468.5
2024-01-24,1251659.75
2024-01-25,1284939.84
2024-01-26,1253619.61
2024-01-29,1253607.96
2024-01-30,1267133.62
2024-01-31,1260562.62
2024-02-01,1302467.07
2024-02-02,1316204.45
2024-02-05,1260997.76
2024-02-06,1215654.31
2024-02-07,1152887.53
2024-02-08,1115907.05
2024-02-09,1128510.82
2024-02-14,1105579.67
2024-02-15,1093751.66
2024-02-16,1065368.58
2024-02-19,1072261.02
2024-02-20,1059715.52
2024-02-21,1039511.77
2024-02-22,1076030.02
2024-02-23,1105610.31
2024-02-26,1080444.2
2024-02-27,1034335.03
2024-02-28,998835.16
2024-02-29,1014711.92
2024-03-01,1054958.95
2024-03-04,1047614.43
2024-03-05,992683.89
2024-03-06,999642.14
2024-03-07,994808.36
2024-03-08,1002335.84
2024-03-11,957777.5
2024-03-12,1026837.07
2024-03-13,1050710.93
2024-03-14,1039095.42
2024-03-15,1068973.63
2024-03-18,1124136.67
2024-03-19,1129936.89
2024-03-20,1185177.35
2024-03-21,1225494.15
2024-03-22,1227404.23
2024-03-25,1212896.89
2024-03-26,1214655.81
2024-03-27,1213484.6
2024-04-03,1212639.06
2024-04-04,1183127.22
2024-04-05,1214371.17
2024-04-08,1229638.08
2024-04-09,1253210.16
2024-04-10,1233950.14
2024-04-11,1259303.38
2024-04-12,1244523.75
2024-04-15,1197527.14
2024-04-16,1203237.81
2024-04-17,1172353.3
2024-04-18,1172829.56
2024-04-19,1189209.83
2024-04-22,1268375.74
2024-04-23,1245750.97
2024-04-24,1202668.97
2024-04-25,1245143.74
2024-04-26,1279459.14
2024-04-29,1308068.81
2024-04-30,1323585.86
2024-05-02,1369673.99
2024-05-03,1452001.81
2024-05-06,1495826.64
2024-05-07,1463623.78
2024-05-08,1450498.79
2024-05-09,1434921.95
2024-05-10,1407510.54
2024-05-13,1376939.22
2024-05-14,1409885.45
2024-05-15,1477795.91
2024-05-16,1481343.26
2024-05-17,1473463.27
2024-05-20,1535511.52
2024-05-21,1581107.16
2024-05-22,1562849.32
2024-05-23,1513777.41
2024-05-24,1520808.84
2024-05-27,1520808.84
2024-05-28,1575417.13
2024-05-29,1567731.46
2024-05-30,1643010.68
2024-05-31,1651417.33
2024-06-03,1659247.61
2024-06-04,1581164.35
2024-06-05,1570749.69
2024-06-06,1503728.32
2024-06-07,1519209.11
2024-06-10,1576628.35
2024-06-11,1544869.31
2024-06-12,1568096.35
2024-06-13,1605208.43
2024-06-14,1582372.02
2024-06-18,1557429.6
2024-06-19,1576462.37
2024-06-24,1559667.39
2024-06-25,1570620.22
2024-06-26,1574472.21
2024-06-27,1635667.43
2024-06-28,1611295.13
2024-07-01,1594732.83
2024-07-02,1634019.41
2024-07-03,1603517.04
2024-07-04,1612744.58
2024-07-05,1629029.55
2024-07-08,1643221.09
2024-07-10,1690008.95
2024-07-11,1705676.49
2024-07-12,1715609.96
2024-07-15,1504983.98
2024-07-16,1526268.1
2024-07-17,1524496.22
2024-07-18,1528790.67
2024-07-19,1569018.7
2024-07-22,1590406.99
2024-07-23,1635674.17
2024-07-24,1582112.93
2024-07-25,1538280.04
2024-07-26,1542021.75
2024-07-29,1481241.56
2024-07-30,1411953.38
2024-07-31,1481853.48
2024-08-01,1500216.56
2024-08-02,1433349.87
2024-08-05,1420522.95
2024-08-06,1457570.97
2024-08-07,1452160.77
2024-08-08,1530365.7
2024-08-09,1583894.86
2024-08-12,1588905.09
2024-08-13,1591696.83
2024-08-14,1607310.07
2024-08-15,1643874.96
2024-08-16,1649329.42
2024-08-19,1657074.67
2024-08-20,1659274.74
2024-08-21,1621075.6
2024-08-22,1577419.84
2024-08-23,1606967.39
2024-08-26,1593002.53
2024-08-27,1616134.16
2024-08-28,1617544.38
2024-08-29,1660143.94
2024-08-30,1717564.44
2024-09-02,1754832.93
2024-09-03,1735252.96
2024-09-04,1796920.07
2024-09-05,1765465.04
2024-09-06,1721667.94
2024-09-09,1738555.72
2024-09-10,1715184.89
2024-09-11,1764128.51
2024-09-12,1790058.18
2024-09-13,1817734.05
2024-09-16,1812872.36
2024-09-17,1813297.98
2024-09-18,1815098.87
2024-09-19,1847053.09
2024-09-20,1822928.29
2024-09-23,1790228.16
2024-09-24,1774667.88
2024-09-25,1744131.22
2024-09-26,1715670.67
2024-09-27,1727776.56
2024-09-30,1697400.66
2024-10-01,1728761.16
2024-10-02,1715158.94
2024-10-03,1754992.39
2024-10-04,1756514.5
2024-10-07,1714593.63
2024-10-08,1731369.65
2024-10-09,1771932.78
2024-10-10,1782989.12
2024-10-14,1804414.59
2024-10-15,1816250.54
2024-10-16,1776060.51
2024-10-17,1801603.87
2024-10-18,1823329.81
2024-10-21,1820705.37
2024-10-22,1807539.27
2024-10-23,1774318.59
2024-10-24,1849994.8
2024-10-25,1872784.66
2024-10-28,1851913.76
2024-10-29,1845639.23
2024-10-30,1714593.66
2024-10-31,1848744.26
2024-11-01,1879878.59
2024-11-04,1919066.03
2024-11-05,1931281.18
2024-11-06,1976612.94
2024-11-07,2015557.7
2024-11-11,1987845.91
2024-11-12,2012040.91
2024-11-13,2042551.02
2024-11-15,2066915.29
2024-11-20,2145971.78
2024-11-21,2140096.23
2024-11-22,2211988.06
2024-11-25,2218551.01
2024-11-26,2252266.29
2024-11-27,2205245.03
2024-11-28,2230803.31
2024-11-29,2258294.88
2024-12-02,2295204.59
2024-12-03,2305061.83
2024-12-04,2218519.27
2024-12-05,2215750.54
2024-12-06,2201041.58
2024-12-09,2231282.38
2024-12-10,2198994.77
2024-12-11,2291149.25
2024-12-12,2304089.57
2024-12-13,2370661.82
2024-12-16,2543201.91
2024-12-17,2592200.5
2024-12-18,2521016.62
2024-12-19,2419894.15
2024-12-20,2467561.97
2024-12-23,2501153.01
2024-12-24,2551020.43
2024-12-26,2597388.5
2024-12-27,2577545.67
2024-12-30,2533634.65
2025-01-02,2695646.43
2025-01-03,2728911.12
2025-01-06,2801220.76
2025-01-07,2822174.55
2025-01-08,2782477.05
2025-01-09,2829730.44
2025-01-10,2805139.64
2025-01-13,2655178.58
2025-01-14,2733273.32
2025-01-15,2704473.82
2025-01-16,2629377.02
2025-01-17,2510885.95
2025-01-20,2536837.44
2025-01-21,2619719.26
2025-01-22,2680945.64
2025-01-23,2625049.91
2025-01-24,2566082.22
2025-01-27,2439098.66
2025-01-28,2435628.73
2025-01-29,2545355.53
2025-01-30,2599328.57
2025-01-31,2564658.95
2025-02-03,2484135.71
2025-02-04,2523647.04
2025-02-05,2477713.88
2025-02-06,2503483.42
2025-02-07,2416381.75
2025-02-10,2391367.59
2025-02-11,2273567.99
2025-02-12,2285846.47
2025-02-13,2353743.68
2025-02-14,2387385.73
2025-02-17,2254188.63
2025-02-18,2391724.77
2025-02-19,2401579.7
2025-02-20,2410220.95
2025-02-21,2364529.49
2025-02-24,2348398.47
2025-02-25,2282898.85
2025-02-26,2275036.79
2025-02-27,2193656.65
2025-02-28,2205800.5
2025-03-05,2290049.88
2025-03-06,2270181.14
2025-03-07,2262289.29
2025-03-10,2138846.19
2025-03-11,2159499.78
2025-03-12,2272936.82
2025-03-13,2232179.96
2025-03-14,2335574.83
2025-03-17,2346305.57
2025-03-18,2288537.99
2025-03-19,2392030
2025-03-20,2361582.89
2025-03-21,2433538.15
2025-03-25,2487679.86
2025-03-26,2439966.22
2025-03-27,2412081.5
2025-03-28,2378562.84
2025-03-31,2338760.74
2025-04-01,2356530.77
2025-04-03,2275658.78
2025-04-04,2107815.91
2025-04-07,2025967.27
2025-04-08,1990621.29
2025-04-09,2183577.03
2025-04-10,2111490.16
2025-04-11,2248802.99
2025-04-14,2364950.09
2025-04-15,2284279.53
2025-04-16,2177974.91
2025-04-21,2045707.37
2025-04-22,2163891.01
2025-04-23,2239401.91
2025-04-24,2232745.13
2025-04-25,2225242.8
2025-04-28,2179248.63
2025-04-29,2158847.83
2025-04-30,2100843.66
